Data,Q
1/1/1976,0.00
1/2/1976,0.00
1/3/1976,0.00
1/4/1976,0.00
1/5/1976,0.00
1/6/1976,0.00
1/7/1976,0.00
1/8/1976,0.00
1/9/1976,0.00
1/10/1976,0.00
1/11/1976,0.00
1/12/1976,0.00
1/13/1976,0.00
1/14/1976,0.00
1/15/1976,0.00
1/16/1976,0.00
1/17/1976,0.00
1/18/1976,0.00
1/19/1976,0.00
1/20/1976,0.00
1/21/1976,0.00
1/22/1976,0.00
1/23/1976,0.00
1/24/1976,0.00
1/25/1976,0.00
1/26/1976,0.00
1/27/1976,0.00
1/28/1976,0.00
1/29/1976,0.00
1/30/1976,0.00
1/31/1976,0.00
2/1/1976,0.00
2/2/1976,0.00
2/3/1976,0.00
2/4/1976,0.00
2/5/1976,0.00
2/6/1976,0.00
2/7/1976,0.00
2/8/1976,0.00
2/9/1976,0.00
2/10/1976,0.00
2/11/1976,0.00
2/12/1976,0.00
2/13/1976,0.00
2/14/1976,0.00
2/15/1976,0.00
2/16/1976,0.00
2/17/1976,0.00
2/18/1976,0.00
2/19/1976,0.00
2/20/1976,0.00
2/21/1976,0.00
2/22/1976,0.00
2/23/1976,0.00
2/24/1976,0.00
2/25/1976,0.00
2/26/1976,0.00
2/27/1976,0.00
2/28/1976,0.00
2/29/1976,0.00
3/1/1976,0.00
3/2/1976,0.00
3/3/1976,0.00
3/4/1976,0.00
3/5/1976,0.00
3/6/1976,0.00
3/7/1976,0.00
3/8/1976,0.00
3/9/1976,0.00
3/10/1976,0.00
3/11/1976,0.00
3/12/1976,0.00
3/13/1976,0.00
3/14/1976,0.00
3/15/1976,0.00
3/16/1976,0.00
3/17/1976,0.00
3/18/1976,0.00
3/19/1976,0.00
3/20/1976,0.00
3/21/1976,0.00
3/22/1976,0.00
3/23/1976,0.00
3/24/1976,0.00
3/25/1976,0.00
3/26/1976,0.00
3/27/1976,0.00
3/28/1976,0.00
3/29/1976,0.00
3/30/1976,0.00
3/31/1976,0.00
4/1/1976,0.00
4/2/1976,0.00
4/3/1976,0.00
4/4/1976,0.00
4/5/1976,0.00
4/6/1976,0.00
4/7/1976,0.00
4/8/1976,0.00
4/9/1976,0.00
4/10/1976,0.00
4/11/1976,0.00
4/12/1976,0.00
4/13/1976,0.04
4/14/1976,0.02
4/15/1976,0.01
4/16/1976,0.01
4/17/1976,0.00
4/18/1976,0.00
4/19/1976,0.00
4/20/1976,0.00
4/21/1976,0.00
4/22/1976,0.00
4/23/1976,0.00
4/24/1976,0.00
4/25/1976,0.00
4/26/1976,0.00
4/27/1976,0.01
4/28/1976,0.14
4/29/1976,0.13
4/30/1976,0.60
5/1/1976,2.12
5/2/1976,2.92
5/3/1976,1.79
5/4/1976,1.66
5/5/1976,0.89
5/6/1976,0.55
5/7/1976,1.63
5/8/1976,1.79
5/9/1976,0.63
5/10/1976,0.40
5/11/1976,0.29
5/12/1976,0.15
5/13/1976,0.13
5/14/1976,0.09
5/15/1976,0.74
5/16/1976,0.69
5/17/1976,0.41
5/18/1976,0.86
5/19/1976,0.69
5/20/1976,0.43
5/21/1976,2.01
5/22/1976,2.71
5/23/1976,1.71
5/24/1976,0.99
5/25/1976,0.52
5/26/1976,0.36
5/27/1976,0.29
5/28/1976,0.23
5/29/1976,0.17
5/30/1976,0.12
5/31/1976,0.11
6/1/1976,0.10
6/2/1976,0.09
6/3/1976,0.11
6/4/1976,0.10
6/5/1976,0.83
6/6/1976,0.92
6/7/1976,0.58
6/8/1976,0.41
6/9/1976,0.58
6/10/1976,0.53
6/11/1976,0.41
6/12/1976,0.32
6/13/1976,0.26
6/14/1976,0.22
6/15/1976,0.23
6/16/1976,1.28
6/17/1976,5.06
6/18/1976,4.12
6/19/1976,2.72
6/20/1976,1.81
6/21/1976,1.18
6/22/1976,0.80
6/23/1976,0.56
6/24/1976,0.40
6/25/1976,0.30
6/26/1976,0.23
6/27/1976,0.18
6/28/1976,0.87
6/29/1976,1.96
6/30/1976,2.11
7/1/1976,2.21
7/2/1976,2.06
7/3/1976,1.57
7/4/1976,1.13
7/5/1976,0.82
7/6/1976,0.61
7/7/1976,0.48
7/8/1976,0.38
7/9/1976,0.30
7/10/1976,0.25
7/11/1976,0.21
7/12/1976,0.18
7/13/1976,0.15
7/14/1976,0.14
7/15/1976,0.12
7/16/1976,0.11
7/17/1976,0.12
7/18/1976,0.13
7/19/1976,0.14
7/20/1976,0.13
7/21/1976,0.13
7/22/1976,0.16
7/23/1976,0.17
7/24/1976,0.15
7/25/1976,0.13
7/26/1976,0.14
7/27/1976,0.16
7/28/1976,0.17
7/29/1976,0.14
7/30/1976,0.11
7/31/1976,0.09
8/1/1976,0.08
8/2/1976,0.07
8/3/1976,0.07
8/4/1976,0.07
8/5/1976,0.06
8/6/1976,0.06
8/7/1976,0.06
8/8/1976,0.05
8/9/1976,0.05
8/10/1976,0.05
8/11/1976,0.05
8/12/1976,0.04
8/13/1976,0.05
8/14/1976,0.04
8/15/1976,0.04
8/16/1976,0.04
8/17/1976,0.04
8/18/1976,0.15
8/19/1976,0.24
8/20/1976,0.21
8/21/1976,0.17
8/22/1976,0.30
8/23/1976,0.45
8/24/1976,0.40
8/25/1976,0.31
8/26/1976,0.24
8/27/1976,0.19
8/28/1976,0.15
8/29/1976,0.13
8/30/1976,0.11
8/31/1976,0.10
9/1/1976,0.09
9/2/1976,0.08
9/3/1976,0.08
9/4/1976,0.07
9/5/1976,0.21
9/6/1976,0.80
9/7/1976,1.10
9/8/1976,0.90
9/9/1976,0.69
9/10/1976,0.54
9/11/1976,0.44
9/12/1976,0.38
9/13/1976,0.33
9/14/1976,0.30
9/15/1976,0.27
9/16/1976,0.25
9/17/1976,1.12
9/18/1976,2.00
9/19/1976,1.58
9/20/1976,1.13
9/21/1976,0.83
9/22/1976,0.65
9/23/1976,0.53
9/24/1976,0.45
9/25/1976,0.40
9/26/1976,0.36
9/27/1976,0.32
9/28/1976,0.30
9/29/1976,0.27
9/30/1976,0.26
10/1/1976,0.24
10/2/1976,0.22
10/3/1976,0.21
10/4/1976,0.20
10/5/1976,0.19
10/6/1976,0.18
10/7/1976,0.17
10/8/1976,0.16
10/9/1976,0.15
10/10/1976,0.14
10/11/1976,0.14
10/12/1976,0.13
10/13/1976,0.12
10/14/1976,0.12
10/15/1976,0.11
10/16/1976,0.11
10/17/1976,0.10
10/18/1976,0.10
10/19/1976,0.09
10/20/1976,0.09
10/21/1976,0.08
10/22/1976,0.08
10/23/1976,0.08
10/24/1976,0.07
10/25/1976,0.07
10/26/1976,0.07
10/27/1976,0.06
10/28/1976,0.06
10/29/1976,0.06
10/30/1976,0.05
10/31/1976,0.05
11/1/1976,0.05
11/2/1976,0.05
11/3/1976,0.05
11/4/1976,0.04
11/5/1976,0.04
11/6/1976,0.04
11/7/1976,0.04
11/8/1976,0.04
11/9/1976,0.03
11/10/1976,0.03
11/11/1976,0.03
11/12/1976,0.03
11/13/1976,0.03
11/14/1976,0.03
11/15/1976,0.03
11/16/1976,0.03
11/17/1976,0.02
11/18/1976,0.02
11/19/1976,0.02
11/20/1976,0.02
11/21/1976,0.02
11/22/1976,0.02
11/23/1976,0.02
11/24/1976,0.02
11/25/1976,0.02
11/26/1976,0.02
11/27/1976,0.02
11/28/1976,0.02
11/29/1976,0.02
11/30/1976,0.01
12/1/1976,0.01
12/2/1976,0.01
12/3/1976,0.01
12/4/1976,0.01
12/5/1976,0.01
12/6/1976,0.01
12/7/1976,0.01
12/8/1976,0.01
12/9/1976,0.01
12/10/1976,0.01
12/11/1976,0.01
12/12/1976,0.01
12/13/1976,0.01
12/14/1976,0.01
12/15/1976,0.01
12/16/1976,0.01
12/17/1976,0.01
12/18/1976,0.01
12/19/1976,0.01
12/20/1976,0.01
12/21/1976,0.01
12/22/1976,0.01
12/23/1976,0.01
12/24/1976,0.01
12/25/1976,0.01
12/26/1976,0.01
12/27/1976,0.01
12/28/1976,0.01
12/29/1976,0.01
12/30/1976,0.00
12/31/1976,0.00
1/1/1977,0.00
1/2/1977,0.00
1/3/1977,0.00
1/4/1977,0.00
1/5/1977,0.00
1/6/1977,0.00
1/7/1977,0.00
1/8/1977,0.00
1/9/1977,0.00
1/10/1977,0.00
1/11/1977,0.00
1/12/1977,0.00
1/13/1977,0.00
1/14/1977,0.00
1/15/1977,0.00
1/16/1977,0.00
1/17/1977,0.00
1/18/1977,0.00
1/19/1977,0.00
1/20/1977,0.00
1/21/1977,0.00
1/22/1977,0.00
1/23/1977,0.00
1/24/1977,0.00
1/25/1977,0.00
1/26/1977,0.00
1/27/1977,0.00
1/28/1977,0.00
1/29/1977,0.00
1/30/1977,0.00
1/31/1977,0.00
2/1/1977,0.00
2/2/1977,0.00
2/3/1977,0.00
2/4/1977,0.00
2/5/1977,0.00
2/6/1977,0.00
2/7/1977,0.00
2/8/1977,0.00
2/9/1977,0.00
2/10/1977,0.00
2/11/1977,0.00
2/12/1977,0.00
2/13/1977,0.00
2/14/1977,0.00
2/15/1977,0.00
2/16/1977,0.00
2/17/1977,0.00
2/18/1977,0.00
2/19/1977,0.00
2/20/1977,0.00
2/21/1977,0.00
2/22/1977,0.00
2/23/1977,0.00
2/24/1977,0.00
2/25/1977,0.00
2/26/1977,0.00
2/27/1977,0.00
2/28/1977,0.00
3/1/1977,0.00
3/2/1977,0.00
3/3/1977,0.00
3/4/1977,0.00
3/5/1977,0.00
3/6/1977,0.00
3/7/1977,0.00
3/8/1977,0.00
3/9/1977,0.00
3/10/1977,0.00
3/11/1977,0.00
3/12/1977,0.00
3/13/1977,0.00
3/14/1977,0.00
3/15/1977,0.00
3/16/1977,0.00
3/17/1977,0.00
3/18/1977,0.00
3/19/1977,0.00
3/20/1977,0.00
3/21/1977,0.00
3/22/1977,0.00
3/23/1977,0.00
3/24/1977,0.00
3/25/1977,0.00
3/26/1977,0.00
3/27/1977,0.00
3/28/1977,0.00
3/29/1977,0.00
3/30/1977,0.00
3/31/1977,0.00
4/1/1977,0.00
4/2/1977,0.00
4/3/1977,0.00
4/4/1977,0.00
4/5/1977,0.00
4/6/1977,0.00
4/7/1977,0.00
4/8/1977,0.00
4/9/1977,0.00
4/10/1977,0.00
4/11/1977,0.00
4/12/1977,0.00
4/13/1977,0.00
4/14/1977,0.00
4/15/1977,0.00
4/16/1977,0.00
4/17/1977,0.00
4/18/1977,0.00
4/19/1977,0.04
4/20/1977,0.02
4/21/1977,0.01
4/22/1977,0.01
4/23/1977,0.00
4/24/1977,0.00
4/25/1977,0.00
4/26/1977,0.00
4/27/1977,0.00
4/28/1977,0.00
4/29/1977,0.33
4/30/1977,0.15
5/1/1977,0.16
5/2/1977,0.47
5/3/1977,0.78
5/4/1977,1.15
5/5/1977,1.15
5/6/1977,0.95
5/7/1977,0.91
5/8/1977,0.79
5/9/1977,0.77
5/10/1977,0.72
5/11/1977,0.58
5/12/1977,0.38
5/13/1977,0.49
5/14/1977,0.35
5/15/1977,0.29
5/16/1977,0.19
5/17/1977,0.15
5/18/1977,0.24
5/19/1977,0.20
5/20/1977,0.15
5/21/1977,0.10
5/22/1977,0.07
5/23/1977,0.06
5/24/1977,0.69
5/25/1977,0.63
5/26/1977,0.56
5/27/1977,0.42
5/28/1977,0.29
5/29/1977,0.30
5/30/1977,0.25
5/31/1977,0.22
6/1/1977,0.18
6/2/1977,0.15
6/3/1977,0.12
6/4/1977,0.13
6/5/1977,0.90
6/6/1977,4.02
6/7/1977,3.28
6/8/1977,1.90
6/9/1977,1.23
6/10/1977,0.86
6/11/1977,0.64
6/12/1977,0.50
6/13/1977,0.41
6/14/1977,0.34
6/15/1977,0.29
6/16/1977,0.25
6/17/1977,0.22
6/18/1977,0.21
6/19/1977,0.19
6/20/1977,0.17
6/21/1977,0.15
6/22/1977,0.14
6/23/1977,0.14
6/24/1977,0.29
6/25/1977,0.47
6/26/1977,0.48
6/27/1977,0.39
6/28/1977,0.82
6/29/1977,1.41
6/30/1977,1.32
7/1/1977,0.98
7/2/1977,0.70
7/3/1977,0.51
7/4/1977,0.40
7/5/1977,0.50
7/6/1977,1.36
7/7/1977,1.67
7/8/1977,1.29
7/9/1977,0.93
7/10/1977,0.68
7/11/1977,0.51
7/12/1977,0.39
7/13/1977,0.30
7/14/1977,0.24
7/15/1977,0.19
7/16/1977,0.16
7/17/1977,0.14
7/18/1977,0.12
7/19/1977,0.11
7/20/1977,0.20
7/21/1977,0.27
7/22/1977,0.24
7/23/1977,0.52
7/24/1977,1.25
7/25/1977,1.38
7/26/1977,1.24
7/27/1977,1.57
7/28/1977,1.83
7/29/1977,2.95
7/30/1977,3.19
7/31/1977,2.34
8/1/1977,1.64
8/2/1977,1.18
8/3/1977,0.88
8/4/1977,0.68
8/5/1977,0.54
8/6/1977,0.45
8/7/1977,0.38
8/8/1977,0.35
8/9/1977,0.34
8/10/1977,0.36
8/11/1977,0.34
8/12/1977,0.30
8/13/1977,0.27
8/14/1977,0.24
8/15/1977,0.22
8/16/1977,0.21
8/17/1977,0.20
8/18/1977,0.20
8/19/1977,0.20
8/20/1977,0.20
8/21/1977,0.21
8/22/1977,0.49
8/23/1977,0.74
8/24/1977,0.68
8/25/1977,0.57
8/26/1977,0.48
8/27/1977,0.43
8/28/1977,0.40
8/29/1977,0.38
8/30/1977,0.38
8/31/1977,0.40
9/1/1977,0.42
9/2/1977,0.50
9/3/1977,0.57
9/4/1977,0.61
9/5/1977,0.62
9/6/1977,0.68
9/7/1977,0.73
9/8/1977,0.75
9/9/1977,0.74
9/10/1977,0.72
9/11/1977,0.68
9/12/1977,0.64
9/13/1977,0.60
9/14/1977,0.56
9/15/1977,0.52
9/16/1977,0.48
9/17/1977,0.45
9/18/1977,0.42
9/19/1977,0.39
9/20/1977,0.37
9/21/1977,0.35
9/22/1977,0.33
9/23/1977,0.31
9/24/1977,0.29
9/25/1977,0.28
9/26/1977,0.26
9/27/1977,0.24
9/28/1977,0.23
9/29/1977,0.21
9/30/1977,0.20
10/1/1977,0.19
10/2/1977,0.18
10/3/1977,0.17
10/4/1977,0.16
10/5/1977,0.15
10/6/1977,0.14
10/7/1977,0.13
10/8/1977,0.12
10/9/1977,0.12
10/10/1977,0.11
10/11/1977,0.11
10/12/1977,0.10
10/13/1977,0.09
10/14/1977,0.09
10/15/1977,0.08
10/16/1977,0.08
10/17/1977,0.08
10/18/1977,0.07
10/19/1977,0.07
10/20/1977,0.07
10/21/1977,0.06
10/22/1977,0.06
10/23/1977,0.06
10/24/1977,0.05
10/25/1977,0.05
10/26/1977,0.05
10/27/1977,0.05
10/28/1977,0.04
10/29/1977,0.04
10/30/1977,0.04
10/31/1977,0.04
11/1/1977,0.04
11/2/1977,0.03
11/3/1977,0.03
11/4/1977,0.03
11/5/1977,0.03
11/6/1977,0.03
11/7/1977,0.03
11/8/1977,0.03
11/9/1977,0.02
11/10/1977,0.02
11/11/1977,0.02
11/12/1977,0.02
11/13/1977,0.02
11/14/1977,0.02
11/15/1977,0.02
11/16/1977,0.02
11/17/1977,0.02
11/18/1977,0.02
11/19/1977,0.02
11/20/1977,0.02
11/21/1977,0.01
11/22/1977,0.01
11/23/1977,0.01
11/24/1977,0.01
11/25/1977,0.01
11/26/1977,0.01
11/27/1977,0.01
11/28/1977,0.01
11/29/1977,0.01
11/30/1977,0.01
12/1/1977,0.01
12/2/1977,0.01
12/3/1977,0.01
12/4/1977,0.01
12/5/1977,0.01
12/6/1977,0.01
12/7/1977,0.01
12/8/1977,0.01
12/9/1977,0.01
12/10/1977,0.01
12/11/1977,0.01
12/12/1977,0.01
12/13/1977,0.01
12/14/1977,0.01
12/15/1977,0.01
12/16/1977,0.00
12/17/1977,0.00
12/18/1977,0.00
12/19/1977,0.00
12/20/1977,0.00
12/21/1977,0.00
12/22/1977,0.00
12/23/1977,0.00
12/24/1977,0.00
12/25/1977,0.00
12/26/1977,0.00
12/27/1977,0.00
12/28/1977,0.00
12/29/1977,0.00
12/30/1977,0.00
12/31/1977,0.00
1/1/1978,0.00
1/2/1978,0.00
1/3/1978,0.00
1/4/1978,0.00
1/5/1978,0.00
1/6/1978,0.00
1/7/1978,0.00
1/8/1978,0.00
1/9/1978,0.00
1/10/1978,0.00
1/11/1978,0.00
1/12/1978,0.00
1/13/1978,0.00
1/14/1978,0.00
1/15/1978,0.00
1/16/1978,0.00
1/17/1978,0.00
1/18/1978,0.00
1/19/1978,0.00
1/20/1978,0.00
1/21/1978,0.00
1/22/1978,0.00
1/23/1978,0.00
1/24/1978,0.00
1/25/1978,0.00
1/26/1978,0.00
1/27/1978,0.00
1/28/1978,0.00
1/29/1978,0.00
1/30/1978,0.00
1/31/1978,0.00
2/1/1978,0.00
2/2/1978,0.00
2/3/1978,0.00
2/4/1978,0.00
2/5/1978,0.00
2/6/1978,0.00
2/7/1978,0.00
2/8/1978,0.00
2/9/1978,0.00
2/10/1978,0.00
2/11/1978,0.00
2/12/1978,0.00
2/13/1978,0.00
2/14/1978,0.00
2/15/1978,0.00
2/16/1978,0.00
2/17/1978,0.00
2/18/1978,0.00
2/19/1978,0.00
2/20/1978,0.00
2/21/1978,0.00
2/22/1978,0.00
2/23/1978,0.00
2/24/1978,0.00
2/25/1978,0.00
2/26/1978,0.00
2/27/1978,0.00
2/28/1978,0.00
3/1/1978,0.00
3/2/1978,0.00
3/3/1978,0.00
3/4/1978,0.00
3/5/1978,0.00
3/6/1978,0.00
3/7/1978,0.00
3/8/1978,0.00
3/9/1978,0.00
3/10/1978,0.00
3/11/1978,0.00
3/12/1978,0.00
3/13/1978,0.00
3/14/1978,0.00
3/15/1978,0.00
3/16/1978,0.00
3/17/1978,0.00
3/18/1978,0.00
3/19/1978,0.00
3/20/1978,0.00
3/21/1978,0.00
3/22/1978,0.00
3/23/1978,0.00
3/24/1978,0.00
3/25/1978,0.00
3/26/1978,0.00
3/27/1978,0.00
3/28/1978,0.00
3/29/1978,0.00
3/30/1978,0.00
3/31/1978,0.00
4/1/1978,0.00
4/2/1978,0.00
4/3/1978,0.00
4/4/1978,0.00
4/5/1978,0.00
4/6/1978,0.00
4/7/1978,0.00
4/8/1978,0.00
4/9/1978,0.00
4/10/1978,0.00
4/11/1978,0.00
4/12/1978,0.00
4/13/1978,0.00
4/14/1978,0.09
4/15/1978,0.06
4/16/1978,0.03
4/17/1978,0.02
4/18/1978,0.01
4/19/1978,0.01
4/20/1978,0.01
4/21/1978,0.01
4/22/1978,0.02
4/23/1978,0.36
4/24/1978,0.31
4/25/1978,0.26
4/26/1978,0.47
4/27/1978,0.89
4/28/1978,0.76
4/29/1978,1.31
4/30/1978,1.25
5/1/1978,1.59
5/2/1978,1.75
5/3/1978,1.09
5/4/1978,0.67
5/5/1978,0.56
5/6/1978,0.60
5/7/1978,1.44
5/8/1978,1.78
5/9/1978,1.35
5/10/1978,1.02
5/11/1978,0.72
5/12/1978,0.51
5/13/1978,0.46
5/14/1978,1.05
5/15/1978,1.29
5/16/1978,1.29
5/17/1978,1.21
5/18/1978,1.46
5/19/1978,1.63
5/20/1978,1.65
5/21/1978,1.38
5/22/1978,0.81
5/23/1978,0.56
5/24/1978,0.43
5/25/1978,0.33
5/26/1978,0.27
5/27/1978,0.24
5/28/1978,0.22
5/29/1978,0.18
5/30/1978,0.23
5/31/1978,0.14
6/1/1978,0.13
6/2/1978,0.13
6/3/1978,0.13
6/4/1978,0.12
6/5/1978,0.11
6/6/1978,0.10
6/7/1978,0.10
6/8/1978,0.10
6/9/1978,0.09
6/10/1978,0.09
6/11/1978,0.09
6/12/1978,0.08
6/13/1978,0.12
6/14/1978,0.14
6/15/1978,0.17
6/16/1978,0.15
6/17/1978,0.12
6/18/1978,0.12
6/19/1978,0.15
6/20/1978,0.13
6/21/1978,0.14
6/22/1978,0.11
6/23/1978,0.28
6/24/1978,0.45
6/25/1978,0.38
6/26/1978,0.29
6/27/1978,0.21
6/28/1978,0.15
6/29/1978,0.12
6/30/1978,0.10
7/1/1978,0.26
7/2/1978,0.70
7/3/1978,0.82
7/4/1978,0.67
7/5/1978,0.49
7/6/1978,0.41
7/7/1978,0.65
7/8/1978,0.76
7/9/1978,0.83
7/10/1978,0.83
7/11/1978,0.64
7/12/1978,0.49
7/13/1978,0.37
7/14/1978,0.56
7/15/1978,0.73
7/16/1978,1.58
7/17/1978,2.61
7/18/1978,2.50
7/19/1978,1.89
7/20/1978,1.34
7/21/1978,0.97
7/22/1978,0.72
7/23/1978,0.55
7/24/1978,0.44
7/25/1978,0.36
7/26/1978,0.29
7/27/1978,0.25
7/28/1978,0.23
7/29/1978,0.62
7/30/1978,1.02
7/31/1978,0.89
8/1/1978,0.67
8/2/1978,0.50
8/3/1978,0.38
8/4/1978,0.30
8/5/1978,0.24
8/6/1978,0.20
8/7/1978,0.19
8/8/1978,0.21
8/9/1978,0.19
8/10/1978,0.17
8/11/1978,0.15
8/12/1978,0.14
8/13/1978,0.13
8/14/1978,0.12
8/15/1978,0.12
8/16/1978,0.11
8/17/1978,0.10
8/18/1978,0.11
8/19/1978,0.12
8/20/1978,0.11
8/21/1978,0.17
8/22/1978,0.23
8/23/1978,0.20
8/24/1978,0.17
8/25/1978,0.15
8/26/1978,0.18
8/27/1978,0.19
8/28/1978,0.20
8/29/1978,0.46
8/30/1978,0.64
8/31/1978,0.57
9/1/1978,0.48
9/2/1978,0.40
9/3/1978,0.49
9/4/1978,0.55
9/5/1978,0.51
9/6/1978,0.46
9/7/1978,0.42
9/8/1978,0.39
9/9/1978,0.36
9/10/1978,0.34
9/11/1978,0.32
9/12/1978,0.30
9/13/1978,0.58
9/14/1978,0.82
9/15/1978,0.77
9/16/1978,0.67
9/17/1978,0.58
9/18/1978,0.51
9/19/1978,0.50
9/20/1978,0.61
9/21/1978,0.71
9/22/1978,0.75
9/23/1978,0.77
9/24/1978,0.77
9/25/1978,0.75
9/26/1978,0.71
9/27/1978,0.66
9/28/1978,0.62
9/29/1978,0.57
9/30/1978,0.55
10/1/1978,0.54
10/2/1978,0.52
10/3/1978,0.51
10/4/1978,0.49
10/5/1978,0.47
10/6/1978,0.44
10/7/1978,0.41
10/8/1978,0.38
10/9/1978,0.35
10/10/1978,0.33
10/11/1978,0.30
10/12/1978,0.28
10/13/1978,0.26
10/14/1978,0.24
10/15/1978,0.23
10/16/1978,0.21
10/17/1978,0.20
10/18/1978,0.19
10/19/1978,0.17
10/20/1978,0.16
10/21/1978,0.15
10/22/1978,0.14
10/23/1978,0.13
10/24/1978,0.13
10/25/1978,0.12
10/26/1978,0.11
10/27/1978,0.11
10/28/1978,0.10
10/29/1978,0.09
10/30/1978,0.09
10/31/1978,0.08
11/1/1978,0.08
11/2/1978,0.07
11/3/1978,0.07
11/4/1978,0.07
11/5/1978,0.06
11/6/1978,0.06
11/7/1978,0.06
11/8/1978,0.05
11/9/1978,0.05
11/10/1978,0.05
11/11/1978,0.05
11/12/1978,0.04
11/13/1978,0.04
11/14/1978,0.04
11/15/1978,0.04
11/16/1978,0.04
11/17/1978,0.03
11/18/1978,0.03
11/19/1978,0.03
11/20/1978,0.03
11/21/1978,0.03
11/22/1978,0.03
11/23/1978,0.03
11/24/1978,0.02
11/25/1978,0.02
11/26/1978,0.02
11/27/1978,0.02
11/28/1978,0.02
11/29/1978,0.02
11/30/1978,0.02
12/1/1978,0.02
12/2/1978,0.02
12/3/1978,0.02
12/4/1978,0.02
12/5/1978,0.02
12/6/1978,0.01
12/7/1978,0.01
12/8/1978,0.01
12/9/1978,0.01
12/10/1978,0.01
12/11/1978,0.01
12/12/1978,0.01
12/13/1978,0.01
12/14/1978,0.01
12/15/1978,0.01
12/16/1978,0.01
12/17/1978,0.01
12/18/1978,0.01
12/19/1978,0.01
12/20/1978,0.01
12/21/1978,0.01
12/22/1978,0.01
12/23/1978,0.01
12/24/1978,0.01
12/25/1978,0.01
12/26/1978,0.01
12/27/1978,0.01
12/28/1978,0.01
12/29/1978,0.01
12/30/1978,0.00
12/31/1978,0.00
1/1/1979,0.00
1/2/1979,0.00
1/3/1979,0.00
1/4/1979,0.00
1/5/1979,0.00
1/6/1979,0.00
1/7/1979,0.00
1/8/1979,0.00
1/9/1979,0.00
1/10/1979,0.00
1/11/1979,0.00
1/12/1979,0.00
1/13/1979,0.00
1/14/1979,0.00
1/15/1979,0.00
1/16/1979,0.00
1/17/1979,0.00
1/18/1979,0.00
1/19/1979,0.00
1/20/1979,0.00
1/21/1979,0.00
1/22/1979,0.00
1/23/1979,0.00
1/24/1979,0.00
1/25/1979,0.00
1/26/1979,0.00
1/27/1979,0.00
1/28/1979,0.00
1/29/1979,0.00
1/30/1979,0.00
1/31/1979,0.00
2/1/1979,0.00
2/2/1979,0.00
2/3/1979,0.00
2/4/1979,0.00
2/5/1979,0.00
2/6/1979,0.00
2/7/1979,0.00
2/8/1979,0.00
2/9/1979,0.00
2/10/1979,0.00
2/11/1979,0.00
2/12/1979,0.00
2/13/1979,0.00
2/14/1979,0.00
2/15/1979,0.00
2/16/1979,0.00
2/17/1979,0.00
2/18/1979,0.00
2/19/1979,0.00
2/20/1979,0.00
2/21/1979,0.00
2/22/1979,0.00
2/23/1979,0.00
2/24/1979,0.00
2/25/1979,0.00
2/26/1979,0.00
2/27/1979,0.00
2/28/1979,0.00
3/1/1979,0.00
3/2/1979,0.00
3/3/1979,0.00
3/4/1979,0.00
3/5/1979,0.00
3/6/1979,0.00
3/7/1979,0.00
3/8/1979,0.00
3/9/1979,0.00
3/10/1979,0.00
3/11/1979,0.00
3/12/1979,0.00
3/13/1979,0.00
3/14/1979,0.00
3/15/1979,0.00
3/16/1979,0.00
3/17/1979,0.00
3/18/1979,0.00
3/19/1979,0.00
3/20/1979,0.00
3/21/1979,0.00
3/22/1979,0.00
3/23/1979,0.00
3/24/1979,0.00
3/25/1979,0.00
3/26/1979,0.00
3/27/1979,0.00
3/28/1979,0.00
3/29/1979,0.00
3/30/1979,0.00
3/31/1979,0.00
4/1/1979,0.00
4/2/1979,0.00
4/3/1979,0.00
4/4/1979,0.00
4/5/1979,0.00
4/6/1979,0.00
4/7/1979,0.00
4/8/1979,0.00
4/9/1979,0.00
4/10/1979,0.00
4/11/1979,0.00
4/12/1979,0.00
4/13/1979,0.00
4/14/1979,0.00
4/15/1979,0.00
4/16/1979,0.00
4/17/1979,0.00
4/18/1979,0.00
4/19/1979,0.00
4/20/1979,0.00
4/21/1979,0.00
4/22/1979,0.00
4/23/1979,0.00
4/24/1979,0.00
4/25/1979,0.00
4/26/1979,0.01
4/27/1979,0.11
4/28/1979,0.35
4/29/1979,0.66
4/30/1979,1.16
5/1/1979,1.25
5/2/1979,1.05
5/3/1979,1.22
5/4/1979,2.08
5/5/1979,2.15
5/6/1979,1.49
5/7/1979,0.83
5/8/1979,0.59
5/9/1979,0.43
5/10/1979,0.55
5/11/1979,0.53
5/12/1979,0.55
5/13/1979,0.40
5/14/1979,0.78
5/15/1979,0.72
5/16/1979,0.50
5/17/1979,0.37
5/18/1979,0.28
5/19/1979,0.18
5/20/1979,0.19
5/21/1979,0.22
5/22/1979,0.16
5/23/1979,0.11
5/24/1979,0.09
5/25/1979,0.08
5/26/1979,0.06
5/27/1979,0.05
5/28/1979,0.04
5/29/1979,0.05
5/30/1979,0.07
5/31/1979,0.06
6/1/1979,0.05
6/2/1979,0.05
6/3/1979,1.15
6/4/1979,1.48
6/5/1979,1.11
6/6/1979,0.77
6/7/1979,0.53
6/8/1979,0.39
6/9/1979,0.28
6/10/1979,0.21
6/11/1979,0.17
6/12/1979,0.15
6/13/1979,0.13
6/14/1979,0.13
6/15/1979,0.13
6/16/1979,0.12
6/17/1979,0.10
6/18/1979,0.08
6/19/1979,0.07
6/20/1979,0.06
6/21/1979,0.05
6/22/1979,0.05
6/23/1979,0.06
6/24/1979,0.06
6/25/1979,0.05
6/26/1979,0.06
6/27/1979,0.06
6/28/1979,0.05
6/29/1979,0.05
6/30/1979,0.04
7/1/1979,0.03
7/2/1979,0.03
7/3/1979,0.04
7/4/1979,0.04
7/5/1979,0.04
7/6/1979,0.04
7/7/1979,0.03
7/8/1979,0.03
7/9/1979,0.03
7/10/1979,0.04
7/11/1979,0.04
7/12/1979,0.03
7/13/1979,0.03
7/14/1979,0.03
7/15/1979,0.03
7/16/1979,0.03
7/17/1979,0.04
7/18/1979,0.03
7/19/1979,0.03
7/20/1979,0.03
7/21/1979,0.03
7/22/1979,0.03
7/23/1979,0.03
7/24/1979,0.13
7/25/1979,0.70
7/26/1979,0.97
7/27/1979,0.73
7/28/1979,0.49
7/29/1979,0.48
7/30/1979,0.49
7/31/1979,0.42
8/1/1979,0.99
8/2/1979,1.28
8/3/1979,1.01
8/4/1979,0.78
8/5/1979,0.62
8/6/1979,0.46
8/7/1979,0.76
8/8/1979,1.04
8/9/1979,1.31
8/10/1979,2.20
8/11/1979,2.50
8/12/1979,3.42
8/13/1979,3.28
8/14/1979,2.30
8/15/1979,1.58
8/16/1979,1.14
8/17/1979,0.87
8/18/1979,0.68
8/19/1979,0.55
8/20/1979,0.45
8/21/1979,0.38
8/22/1979,0.73
8/23/1979,1.57
8/24/1979,1.52
8/25/1979,1.50
8/26/1979,1.39
8/27/1979,1.19
8/28/1979,0.99
8/29/1979,0.81
8/30/1979,0.68
8/31/1979,0.59
9/1/1979,0.99
9/2/1979,1.57
9/3/1979,1.55
9/4/1979,1.35
9/5/1979,1.12
9/6/1979,0.94
9/7/1979,0.81
9/8/1979,0.71
9/9/1979,0.63
9/10/1979,0.57
9/11/1979,0.52
9/12/1979,0.47
9/13/1979,0.44
9/14/1979,1.91
9/15/1979,3.53
9/16/1979,2.62
9/17/1979,1.80
9/18/1979,1.32
9/19/1979,1.03
9/20/1979,0.84
9/21/1979,0.76
9/22/1979,0.77
9/23/1979,0.76
9/24/1979,0.71
9/25/1979,0.66
9/26/1979,0.61
9/27/1979,0.56
9/28/1979,0.52
9/29/1979,0.48
9/30/1979,0.45
10/1/1979,0.41
10/2/1979,0.39
10/3/1979,0.36
10/4/1979,0.33
10/5/1979,0.31
10/6/1979,0.29
10/7/1979,0.27
10/8/1979,0.26
10/9/1979,0.24
10/10/1979,0.22
10/11/1979,0.21
10/12/1979,0.20
10/13/1979,0.19
10/14/1979,0.17
10/15/1979,0.16
10/16/1979,0.15
10/17/1979,0.15
10/18/1979,0.14
10/19/1979,0.13
10/20/1979,0.12
10/21/1979,0.12
10/22/1979,0.11
10/23/1979,0.10
10/24/1979,0.10
10/25/1979,0.09
10/26/1979,0.09
10/27/1979,0.08
10/28/1979,0.08
10/29/1979,0.07
10/30/1979,0.07
10/31/1979,0.07
11/1/1979,0.06
11/2/1979,0.06
11/3/1979,0.06
11/4/1979,0.06
11/5/1979,0.05
11/6/1979,0.05
11/7/1979,0.05
11/8/1979,0.05
11/9/1979,0.04
11/10/1979,0.04
11/11/1979,0.04
11/12/1979,0.04
11/13/1979,0.04
11/14/1979,0.03
11/15/1979,0.03
11/16/1979,0.03
11/17/1979,0.03
11/18/1979,0.03
11/19/1979,0.03
11/20/1979,0.03
11/21/1979,0.02
11/22/1979,0.02
11/23/1979,0.02
11/24/1979,0.02
11/25/1979,0.02
11/26/1979,0.02
11/27/1979,0.02
11/28/1979,0.02
11/29/1979,0.02
11/30/1979,0.02
12/1/1979,0.02
12/2/1979,0.01
12/3/1979,0.01
12/4/1979,0.01
12/5/1979,0.01
12/6/1979,0.01
12/7/1979,0.01
12/8/1979,0.01
12/9/1979,0.01
12/10/1979,0.01
12/11/1979,0.01
12/12/1979,0.01
12/13/1979,0.01
12/14/1979,0.01
12/15/1979,0.01
12/16/1979,0.01
12/17/1979,0.01
12/18/1979,0.01
12/19/1979,0.01
12/20/1979,0.01
12/21/1979,0.01
12/22/1979,0.01
12/23/1979,0.01
12/24/1979,0.01
12/25/1979,0.01
12/26/1979,0.01
12/27/1979,0.00
12/28/1979,0.00
12/29/1979,0.00
12/30/1979,0.00
12/31/1979,0.00
1/1/1980,0.00
1/2/1980,0.00
1/3/1980,0.00
1/4/1980,0.00
1/5/1980,0.00
1/6/1980,0.00
1/7/1980,0.00
1/8/1980,0.00
1/9/1980,0.00
1/10/1980,0.00
1/11/1980,0.00
1/12/1980,0.00
1/13/1980,0.00
1/14/1980,0.00
1/15/1980,0.00
1/16/1980,0.00
1/17/1980,0.00
1/18/1980,0.00
1/19/1980,0.00
1/20/1980,0.00
1/21/1980,0.00
1/22/1980,0.00
1/23/1980,0.00
1/24/1980,0.00
1/25/1980,0.00
1/26/1980,0.00
1/27/1980,0.00
1/28/1980,0.00
1/29/1980,0.00
1/30/1980,0.00
1/31/1980,0.00
2/1/1980,0.00
2/2/1980,0.00
2/3/1980,0.00
2/4/1980,0.00
2/5/1980,0.00
2/6/1980,0.00
2/7/1980,0.00
2/8/1980,0.00
2/9/1980,0.00
2/10/1980,0.00
2/11/1980,0.00
2/12/1980,0.00
2/13/1980,0.00
2/14/1980,0.00
2/15/1980,0.00
2/16/1980,0.00
2/17/1980,0.00
2/18/1980,0.00
2/19/1980,0.00
2/20/1980,0.00
2/21/1980,0.00
2/22/1980,0.00
2/23/1980,0.00
2/24/1980,0.00
2/25/1980,0.00
2/26/1980,0.00
2/27/1980,0.00
2/28/1980,0.00
2/29/1980,0.00
3/1/1980,0.00
3/2/1980,0.00
3/3/1980,0.00
3/4/1980,0.00
3/5/1980,0.00
3/6/1980,0.00
3/7/1980,0.00
3/8/1980,0.00
3/9/1980,0.00
3/10/1980,0.00
3/11/1980,0.00
3/12/1980,0.00
3/13/1980,0.00
3/14/1980,0.00
3/15/1980,0.00
3/16/1980,0.00
3/17/1980,0.00
3/18/1980,0.00
3/19/1980,0.00
3/20/1980,0.00
3/21/1980,0.00
3/22/1980,0.00
3/23/1980,0.00
3/24/1980,0.00
3/25/1980,0.00
3/26/1980,0.00
3/27/1980,0.00
3/28/1980,0.00
3/29/1980,0.00
3/30/1980,0.00
3/31/1980,0.00
4/1/1980,0.00
4/2/1980,0.00
4/3/1980,0.00
4/4/1980,0.00
4/5/1980,0.00
4/6/1980,0.00
4/7/1980,0.00
4/8/1980,0.00
4/9/1980,0.00
4/10/1980,0.00
4/11/1980,0.00
4/12/1980,0.00
4/13/1980,0.00
4/14/1980,0.00
4/15/1980,0.00
4/16/1980,0.00
4/17/1980,0.00
4/18/1980,0.00
4/19/1980,0.00
4/20/1980,0.00
4/21/1980,0.00
4/22/1980,0.00
4/23/1980,0.00
4/24/1980,0.00
4/25/1980,0.01
4/26/1980,0.00
4/27/1980,0.00
4/28/1980,0.09
4/29/1980,0.24
4/30/1980,0.16
5/1/1980,0.39
5/2/1980,0.66
5/3/1980,0.74
5/4/1980,1.15
5/5/1980,1.31
5/6/1980,1.40
5/7/1980,1.49
5/8/1980,1.49
5/9/1980,1.40
5/10/1980,0.88
5/11/1980,0.75
5/12/1980,0.84
5/13/1980,0.62
5/14/1980,0.57
5/15/1980,0.45
5/16/1980,0.64
5/17/1980,0.82
5/18/1980,0.86
5/19/1980,0.81
5/20/1980,0.69
5/21/1980,0.49
5/22/1980,0.63
5/23/1980,0.50
5/24/1980,0.35
5/25/1980,0.29
5/26/1980,0.21
5/27/1980,0.18
5/28/1980,0.16
5/29/1980,0.12
5/30/1980,0.10
5/31/1980,0.07
6/1/1980,0.06
6/2/1980,0.14
6/3/1980,0.21
6/4/1980,0.21
6/5/1980,0.16
6/6/1980,0.17
6/7/1980,0.18
6/8/1980,0.18
6/9/1980,0.23
6/10/1980,0.21
6/11/1980,0.61
6/12/1980,0.60
6/13/1980,0.46
6/14/1980,1.45
6/15/1980,1.42
6/16/1980,0.96
6/17/1980,0.64
6/18/1980,0.45
6/19/1980,0.33
6/20/1980,0.25
6/21/1980,0.19
6/22/1980,0.15
6/23/1980,0.13
6/24/1980,0.11
6/25/1980,0.09
6/26/1980,0.08
6/27/1980,0.07
6/28/1980,0.06
6/29/1980,0.06
6/30/1980,0.78
7/1/1980,2.32
7/2/1980,2.20
7/3/1980,1.88
7/4/1980,2.30
7/5/1980,2.10
7/6/1980,3.35
7/7/1980,3.97
7/8/1980,2.78
7/9/1980,1.83
7/10/1980,1.24
7/11/1980,0.92
7/12/1980,0.73
7/13/1980,0.55
7/14/1980,0.41
7/15/1980,0.32
7/16/1980,0.28
7/17/1980,0.23
7/18/1980,0.20
7/19/1980,0.17
7/20/1980,0.15
7/21/1980,0.24
7/22/1980,0.33
7/23/1980,0.32
7/24/1980,0.26
7/25/1980,0.22
7/26/1980,0.18
7/27/1980,0.17
7/28/1980,0.15
7/29/1980,0.14
7/30/1980,0.15
7/31/1980,0.14
8/1/1980,0.13
8/2/1980,0.13
8/3/1980,0.13
8/4/1980,1.08
8/5/1980,2.98
8/6/1980,2.30
8/7/1980,1.51
8/8/1980,1.02
8/9/1980,0.73
8/10/1980,0.54
8/11/1980,0.42
8/12/1980,0.34
8/13/1980,0.29
8/14/1980,0.26
8/15/1980,0.24
8/16/1980,0.23
8/17/1980,0.22
8/18/1980,0.21
8/19/1980,0.20
8/20/1980,0.19
8/21/1980,0.18
8/22/1980,0.17
8/23/1980,0.16
8/24/1980,0.15
8/25/1980,0.14
8/26/1980,0.14
8/27/1980,0.13
8/28/1980,0.21
8/29/1980,0.44
8/30/1980,0.57
8/31/1980,0.51
9/1/1980,0.40
9/2/1980,0.33
9/3/1980,0.28
9/4/1980,0.26
9/5/1980,0.24
9/6/1980,0.23
9/7/1980,0.22
9/8/1980,0.21
9/9/1980,0.20
9/10/1980,0.20
9/11/1980,0.20
9/12/1980,0.19
9/13/1980,0.19
9/14/1980,0.18
9/15/1980,0.18
9/16/1980,0.17
9/17/1980,0.17
9/18/1980,0.17
9/19/1980,0.16
9/20/1980,0.74
9/21/1980,2.10
9/22/1980,2.11
9/23/1980,1.58
9/24/1980,1.21
9/25/1980,0.96
9/26/1980,0.79
9/27/1980,0.68
9/28/1980,0.59
9/29/1980,0.52
9/30/1980,0.47
10/1/1980,0.43
10/2/1980,0.39
10/3/1980,0.36
10/4/1980,0.33
10/5/1980,0.31
10/6/1980,0.28
10/7/1980,0.26
10/8/1980,0.25
10/9/1980,0.23
10/10/1980,0.21
10/11/1980,0.20
10/12/1980,0.19
10/13/1980,0.18
10/14/1980,0.16
10/15/1980,0.15
10/16/1980,0.15
10/17/1980,0.14
10/18/1980,0.13
10/19/1980,0.12
10/20/1980,0.11
10/21/1980,0.11
10/22/1980,0.10
10/23/1980,0.10
10/24/1980,0.09
10/25/1980,0.09
10/26/1980,0.08
10/27/1980,0.08
10/28/1980,0.07
10/29/1980,0.07
10/30/1980,0.07
10/31/1980,0.06
11/1/1980,0.06
11/2/1980,0.06
11/3/1980,0.05
11/4/1980,0.05
11/5/1980,0.05
11/6/1980,0.05
11/7/1980,0.04
11/8/1980,0.04
11/9/1980,0.04
11/10/1980,0.04
11/11/1980,0.04
11/12/1980,0.03
11/13/1980,0.03
11/14/1980,0.03
11/15/1980,0.03
11/16/1980,0.03
11/17/1980,0.03
11/18/1980,0.03
11/19/1980,0.02
11/20/1980,0.02
11/21/1980,0.02
11/22/1980,0.02
11/23/1980,0.02
11/24/1980,0.02
11/25/1980,0.02
11/26/1980,0.02
11/27/1980,0.02
11/28/1980,0.02
11/29/1980,0.02
11/30/1980,0.02
12/1/1980,0.01
12/2/1980,0.01
12/3/1980,0.01
12/4/1980,0.01
12/5/1980,0.01
12/6/1980,0.01
12/7/1980,0.01
12/8/1980,0.01
12/9/1980,0.01
12/10/1980,0.01
12/11/1980,0.01
12/12/1980,0.01
12/13/1980,0.01
12/14/1980,0.01
12/15/1980,0.01
12/16/1980,0.01
12/17/1980,0.01
12/18/1980,0.01
12/19/1980,0.01
12/20/1980,0.01
12/21/1980,0.01
12/22/1980,0.01
12/23/1980,0.01
12/24/1980,0.01
12/25/1980,0.00
12/26/1980,0.00
12/27/1980,0.00
12/28/1980,0.00
12/29/1980,0.00
12/30/1980,0.00
12/31/1980,0.00
1/1/1981,0.00
1/2/1981,0.00
1/3/1981,0.00
1/4/1981,0.00
1/5/1981,0.00
1/6/1981,0.00
1/7/1981,0.00
1/8/1981,0.00
1/9/1981,0.00
1/10/1981,0.00
1/11/1981,0.00
1/12/1981,0.00
1/13/1981,0.00
1/14/1981,0.00
1/15/1981,0.00
1/16/1981,0.00
1/17/1981,0.00
1/18/1981,0.00
1/19/1981,0.00
1/20/1981,0.00
1/21/1981,0.00
1/22/1981,0.00
1/23/1981,0.00
1/24/1981,0.00
1/25/1981,0.00
1/26/1981,0.00
1/27/1981,0.00
1/28/1981,0.00
1/29/1981,0.00
1/30/1981,0.00
1/31/1981,0.00
2/1/1981,0.00
2/2/1981,0.00
2/3/1981,0.00
2/4/1981,0.00
2/5/1981,0.00
2/6/1981,0.00
2/7/1981,0.00
2/8/1981,0.00
2/9/1981,0.00
2/10/1981,0.00
2/11/1981,0.00
2/12/1981,0.00
2/13/1981,0.00
2/14/1981,0.00
2/15/1981,0.00
2/16/1981,0.00
2/17/1981,0.00
2/18/1981,0.00
2/19/1981,0.00
2/20/1981,0.00
2/21/1981,0.00
2/22/1981,0.00
2/23/1981,0.00
2/24/1981,0.00
2/25/1981,0.00
2/26/1981,0.00
2/27/1981,0.00
2/28/1981,0.00
3/1/1981,0.00
3/2/1981,0.00
3/3/1981,0.00
3/4/1981,0.00
3/5/1981,0.00
3/6/1981,0.00
3/7/1981,0.00
3/8/1981,0.00
3/9/1981,0.00
3/10/1981,0.00
3/11/1981,0.00
3/12/1981,0.00
3/13/1981,0.00
3/14/1981,0.00
3/15/1981,0.00
3/16/1981,0.00
3/17/1981,0.00
3/18/1981,0.00
3/19/1981,0.00
3/20/1981,0.00
3/21/1981,0.00
3/22/1981,0.00
3/23/1981,0.00
3/24/1981,0.00
3/25/1981,0.00
3/26/1981,0.00
3/27/1981,0.00
3/28/1981,0.00
3/29/1981,0.00
3/30/1981,0.00
3/31/1981,0.00
4/1/1981,0.00
4/2/1981,0.00
4/3/1981,0.00
4/4/1981,0.00
4/5/1981,0.00
4/6/1981,0.00
4/7/1981,0.00
4/8/1981,0.00
4/9/1981,0.00
4/10/1981,0.00
4/11/1981,0.00
4/12/1981,0.00
4/13/1981,0.00
4/14/1981,0.00
4/15/1981,0.00
4/16/1981,0.00
4/17/1981,0.00
4/18/1981,0.00
4/19/1981,0.00
4/20/1981,0.03
4/21/1981,0.20
4/22/1981,0.21
4/23/1981,0.21
4/24/1981,0.29
4/25/1981,0.27
4/26/1981,0.23
4/27/1981,0.28
4/28/1981,0.34
4/29/1981,0.24
4/30/1981,0.15
5/1/1981,0.09
5/2/1981,0.06
5/3/1981,0.05
5/4/1981,0.05
5/5/1981,0.16
5/6/1981,0.07
5/7/1981,0.61
5/8/1981,0.54
5/9/1981,0.41
5/10/1981,0.27
5/11/1981,0.17
5/12/1981,0.16
5/13/1981,0.64
5/14/1981,0.36
5/15/1981,0.39
5/16/1981,0.46
5/17/1981,0.37
5/18/1981,0.27
5/19/1981,0.23
5/20/1981,0.15
5/21/1981,0.11
5/22/1981,0.08
5/23/1981,0.06
5/24/1981,0.04
5/25/1981,0.03
5/26/1981,0.03
5/27/1981,0.03
5/28/1981,0.04
5/29/1981,0.04
5/30/1981,0.03
5/31/1981,0.02
6/1/1981,0.03
6/2/1981,0.03
6/3/1981,0.04
6/4/1981,0.04
6/5/1981,0.04
6/6/1981,0.03
6/7/1981,0.10
6/8/1981,0.14
6/9/1981,0.13
6/10/1981,0.17
6/11/1981,0.16
6/12/1981,0.12
6/13/1981,0.09
6/14/1981,0.07
6/15/1981,0.18
6/16/1981,0.23
6/17/1981,0.79
6/18/1981,1.49
6/19/1981,1.71
6/20/1981,1.65
6/21/1981,1.31
6/22/1981,0.94
6/23/1981,0.70
6/24/1981,1.03
6/25/1981,1.32
6/26/1981,1.11
6/27/1981,0.84
6/28/1981,0.66
6/29/1981,1.20
6/30/1981,1.76
7/1/1981,1.52
7/2/1981,1.16
7/3/1981,0.85
7/4/1981,0.78
7/5/1981,1.05
7/6/1981,1.03
7/7/1981,0.82
7/8/1981,0.66
7/9/1981,1.36
7/10/1981,1.85
7/11/1981,1.52
7/12/1981,1.14
7/13/1981,0.87
7/14/1981,2.15
7/15/1981,3.51
7/16/1981,3.32
7/17/1981,2.78
7/18/1981,1.97
7/19/1981,1.41
7/20/1981,1.00
7/21/1981,0.73
7/22/1981,0.57
7/23/1981,0.59
7/24/1981,2.90
7/25/1981,4.52
7/26/1981,3.37
7/27/1981,2.23
7/28/1981,2.20
7/29/1981,2.15
7/30/1981,1.63
7/31/1981,1.20
8/1/1981,0.90
8/2/1981,0.70
8/3/1981,0.55
8/4/1981,0.45
8/5/1981,0.38
8/6/1981,0.33
8/7/1981,0.29
8/8/1981,0.26
8/9/1981,0.24
8/10/1981,0.28
8/11/1981,0.29
8/12/1981,0.29
8/13/1981,0.28
8/14/1981,0.26
8/15/1981,0.24
8/16/1981,0.22
8/17/1981,0.28
8/18/1981,0.29
8/19/1981,0.28
8/20/1981,0.26
8/21/1981,0.23
8/22/1981,0.24
8/23/1981,0.25
8/24/1981,0.85
8/25/1981,1.61
8/26/1981,2.72
8/27/1981,2.92
8/28/1981,2.30
8/29/1981,1.82
8/30/1981,1.51
8/31/1981,1.97
9/1/1981,2.25
9/2/1981,2.01
9/3/1981,1.72
9/4/1981,1.49
9/5/1981,1.30
9/6/1981,1.15
9/7/1981,1.02
9/8/1981,0.92
9/9/1981,0.83
9/10/1981,0.75
9/11/1981,0.69
9/12/1981,0.63
9/13/1981,0.58
9/14/1981,0.53
9/15/1981,0.49
9/16/1981,0.46
9/17/1981,0.43
9/18/1981,0.40
9/19/1981,0.37
9/20/1981,0.35
9/21/1981,0.33
9/22/1981,1.29
9/23/1981,2.34
9/24/1981,1.83
9/25/1981,1.29
9/26/1981,0.98
9/27/1981,0.80
9/28/1981,0.68
9/29/1981,0.59
9/30/1981,0.52
10/1/1981,0.47
10/2/1981,0.44
10/3/1981,0.42
10/4/1981,0.40
10/5/1981,0.39
10/6/1981,0.38
10/7/1981,0.37
10/8/1981,0.36
10/9/1981,0.34
10/10/1981,0.33
10/11/1981,0.31
10/12/1981,0.30
10/13/1981,0.28
10/14/1981,0.26
10/15/1981,0.25
10/16/1981,0.23
10/17/1981,0.22
10/18/1981,0.21
10/19/1981,0.19
10/20/1981,0.18
10/21/1981,0.17
10/22/1981,0.16
10/23/1981,0.15
10/24/1981,0.14
10/25/1981,0.13
10/26/1981,0.13
10/27/1981,0.12
10/28/1981,0.11
10/29/1981,0.11
10/30/1981,0.10
10/31/1981,0.10
11/1/1981,0.09
11/2/1981,0.09
11/3/1981,0.08
11/4/1981,0.08
11/5/1981,0.07
11/6/1981,0.07
11/7/1981,0.07
11/8/1981,0.06
11/9/1981,0.06
11/10/1981,0.06
11/11/1981,0.05
11/12/1981,0.05
11/13/1981,0.05
11/14/1981,0.05
11/15/1981,0.04
11/16/1981,0.04
11/17/1981,0.04
11/18/1981,0.04
11/19/1981,0.04
11/20/1981,0.03
11/21/1981,0.03
11/22/1981,0.03
11/23/1981,0.03
11/24/1981,0.03
11/25/1981,0.03
11/26/1981,0.03
11/27/1981,0.03
11/28/1981,0.02
11/29/1981,0.02
11/30/1981,0.02
12/1/1981,0.02
12/2/1981,0.02
12/3/1981,0.02
12/4/1981,0.02
12/5/1981,0.02
12/6/1981,0.02
12/7/1981,0.02
12/8/1981,0.02
12/9/1981,0.01
12/10/1981,0.01
12/11/1981,0.01
12/12/1981,0.01
12/13/1981,0.01
12/14/1981,0.01
12/15/1981,0.01
12/16/1981,0.01
12/17/1981,0.01
12/18/1981,0.01
12/19/1981,0.01
12/20/1981,0.01
12/21/1981,0.01
12/22/1981,0.01
12/23/1981,0.01
12/24/1981,0.01
12/25/1981,0.01
12/26/1981,0.01
12/27/1981,0.01
12/28/1981,0.01
12/29/1981,0.01
12/30/1981,0.01
12/31/1981,0.01
1/1/1982,0.01
1/2/1982,0.01
1/3/1982,0.00
1/4/1982,0.00
1/5/1982,0.00
1/6/1982,0.00
1/7/1982,0.00
1/8/1982,0.00
1/9/1982,0.00
1/10/1982,0.00
1/11/1982,0.00
1/12/1982,0.00
1/13/1982,0.00
1/14/1982,0.00
1/15/1982,0.00
1/16/1982,0.00
1/17/1982,0.00
1/18/1982,0.00
1/19/1982,0.00
1/20/1982,0.00
1/21/1982,0.00
1/22/1982,0.00
1/23/1982,0.00
1/24/1982,0.00
1/25/1982,0.00
1/26/1982,0.00
1/27/1982,0.00
1/28/1982,0.00
1/29/1982,0.00
1/30/1982,0.00
1/31/1982,0.00
2/1/1982,0.00
2/2/1982,0.00
2/3/1982,0.00
2/4/1982,0.00
2/5/1982,0.00
2/6/1982,0.00
2/7/1982,0.00
2/8/1982,0.00
2/9/1982,0.00
2/10/1982,0.00
2/11/1982,0.00
2/12/1982,0.00
2/13/1982,0.00
2/14/1982,0.00
2/15/1982,0.00
2/16/1982,0.00
2/17/1982,0.00
2/18/1982,0.00
2/19/1982,0.00
2/20/1982,0.00
2/21/1982,0.00
2/22/1982,0.00
2/23/1982,0.00
2/24/1982,0.00
2/25/1982,0.00
2/26/1982,0.00
2/27/1982,0.00
2/28/1982,0.00
3/1/1982,0.00
3/2/1982,0.00
3/3/1982,0.00
3/4/1982,0.00
3/5/1982,0.00
3/6/1982,0.00
3/7/1982,0.00
3/8/1982,0.00
3/9/1982,0.00
3/10/1982,0.00
3/11/1982,0.00
3/12/1982,0.00
3/13/1982,0.00
3/14/1982,0.00
3/15/1982,0.00
3/16/1982,0.00
3/17/1982,0.00
3/18/1982,0.00
3/19/1982,0.00
3/20/1982,0.00
3/21/1982,0.00
3/22/1982,0.00
3/23/1982,0.00
3/24/1982,0.00
3/25/1982,0.00
3/26/1982,0.00
3/27/1982,0.00
3/28/1982,0.00
3/29/1982,0.00
3/30/1982,0.00
3/31/1982,0.00
4/1/1982,0.00
4/2/1982,0.00
4/3/1982,0.00
4/4/1982,0.00
4/5/1982,0.00
4/6/1982,0.00
4/7/1982,0.00
4/8/1982,0.00
4/9/1982,0.00
4/10/1982,0.00
4/11/1982,0.01
4/12/1982,0.00
4/13/1982,0.00
4/14/1982,0.07
4/15/1982,0.09
4/16/1982,0.04
4/17/1982,0.02
4/18/1982,0.08
4/19/1982,0.07
4/20/1982,0.12
4/21/1982,0.21
4/22/1982,0.24
4/23/1982,0.34
4/24/1982,0.27
4/25/1982,0.18
4/26/1982,0.42
4/27/1982,0.83
4/28/1982,0.67
4/29/1982,0.42
4/30/1982,0.26
5/1/1982,0.17
5/2/1982,0.11
5/3/1982,0.08
5/4/1982,0.10
5/5/1982,0.34
5/6/1982,0.24
5/7/1982,0.27
5/8/1982,0.10
5/9/1982,0.07
5/10/1982,0.06
5/11/1982,0.06
5/12/1982,0.35
5/13/1982,1.47
5/14/1982,1.19
5/15/1982,0.65
5/16/1982,1.01
5/17/1982,0.39
5/18/1982,0.27
5/19/1982,0.19
5/20/1982,0.15
5/21/1982,0.10
5/22/1982,0.08
5/23/1982,0.44
5/24/1982,0.64
5/25/1982,0.75
5/26/1982,0.59
5/27/1982,0.69
5/28/1982,1.28
5/29/1982,0.97
5/30/1982,0.77
5/31/1982,0.50
6/1/1982,0.36
6/2/1982,0.27
6/3/1982,0.20
6/4/1982,0.16
6/5/1982,0.13
6/6/1982,0.11
6/7/1982,0.10
6/8/1982,0.10
6/9/1982,0.11
6/10/1982,0.10
6/11/1982,0.09
6/12/1982,0.09
6/13/1982,0.09
6/14/1982,0.08
6/15/1982,0.07
6/16/1982,0.07
6/17/1982,0.07
6/18/1982,0.07
6/19/1982,0.06
6/20/1982,0.06
6/21/1982,0.06
6/22/1982,0.16
6/23/1982,0.22
6/24/1982,0.20
6/25/1982,0.15
6/26/1982,0.12
6/27/1982,0.09
6/28/1982,0.08
6/29/1982,0.07
6/30/1982,0.07
7/1/1982,0.13
7/2/1982,0.30
7/3/1982,0.57
7/4/1982,0.74
7/5/1982,0.86
7/6/1982,0.81
7/7/1982,0.64
7/8/1982,0.47
7/9/1982,0.35
7/10/1982,0.26
7/11/1982,0.20
7/12/1982,0.17
7/13/1982,0.60
7/14/1982,1.04
7/15/1982,0.97
7/16/1982,0.83
7/17/1982,0.64
7/18/1982,0.48
7/19/1982,0.37
7/20/1982,0.29
7/21/1982,0.24
7/22/1982,0.21
7/23/1982,0.63
7/24/1982,1.05
7/25/1982,1.46
7/26/1982,1.46
7/27/1982,1.12
7/28/1982,0.84
7/29/1982,0.64
7/30/1982,0.90
7/31/1982,1.34
8/1/1982,3.09
8/2/1982,6.51
8/3/1982,5.92
8/4/1982,3.71
8/5/1982,2.37
8/6/1982,1.62
8/7/1982,1.92
8/8/1982,2.23
8/9/1982,2.88
8/10/1982,3.30
8/11/1982,2.85
8/12/1982,2.37
8/13/1982,2.06
8/14/1982,1.68
8/15/1982,1.44
8/16/1982,1.39
8/17/1982,1.24
8/18/1982,1.07
8/19/1982,0.93
8/20/1982,0.82
8/21/1982,0.74
8/22/1982,0.72
8/23/1982,0.81
8/24/1982,0.82
8/25/1982,0.77
8/26/1982,0.87
8/27/1982,1.10
8/28/1982,1.14
8/29/1982,1.06
8/30/1982,0.96
8/31/1982,0.89
9/1/1982,3.10
9/2/1982,4.75
9/3/1982,3.24
9/4/1982,2.21
9/5/1982,1.63
9/6/1982,1.62
9/7/1982,1.71
9/8/1982,1.49
9/9/1982,1.38
9/10/1982,1.32
9/11/1982,1.24
9/12/1982,1.16
9/13/1982,1.07
9/14/1982,1.70
9/15/1982,2.34
9/16/1982,2.23
9/17/1982,1.95
9/18/1982,1.69
9/19/1982,1.49
9/20/1982,1.31
9/21/1982,1.17
9/22/1982,1.04
9/23/1982,0.95
9/24/1982,0.88
9/25/1982,0.81
9/26/1982,0.78
9/27/1982,0.75
9/28/1982,0.71
9/29/1982,0.67
9/30/1982,0.63
10/1/1982,0.58
10/2/1982,0.54
10/3/1982,0.50
10/4/1982,0.47
10/5/1982,0.43
10/6/1982,0.40
10/7/1982,0.37
10/8/1982,0.35
10/9/1982,0.32
10/10/1982,0.30
10/11/1982,0.28
10/12/1982,0.26
10/13/1982,0.24
10/14/1982,0.23
10/15/1982,0.21
10/16/1982,0.20
10/17/1982,0.19
10/18/1982,0.18
10/19/1982,0.17
10/20/1982,0.16
10/21/1982,0.15
10/22/1982,0.14
10/23/1982,0.13
10/24/1982,0.12
10/25/1982,0.12
10/26/1982,0.11
10/27/1982,0.10
10/28/1982,0.10
10/29/1982,0.09
10/30/1982,0.09
10/31/1982,0.08
11/1/1982,0.08
11/2/1982,0.08
11/3/1982,0.07
11/4/1982,0.07
11/5/1982,0.07
11/6/1982,0.06
11/7/1982,0.06
11/8/1982,0.06
11/9/1982,0.05
11/10/1982,0.05
11/11/1982,0.05
11/12/1982,0.05
11/13/1982,0.04
11/14/1982,0.04
11/15/1982,0.04
11/16/1982,0.04
11/17/1982,0.04
11/18/1982,0.03
11/19/1982,0.03
11/20/1982,0.03
11/21/1982,0.03
11/22/1982,0.03
11/23/1982,0.03
11/24/1982,0.03
11/25/1982,0.03
11/26/1982,0.02
11/27/1982,0.02
11/28/1982,0.02
11/29/1982,0.02
11/30/1982,0.02
12/1/1982,0.02
12/2/1982,0.02
12/3/1982,0.02
12/4/1982,0.02
12/5/1982,0.02
12/6/1982,0.02
12/7/1982,0.01
12/8/1982,0.01
12/9/1982,0.01
12/10/1982,0.01
12/11/1982,0.01
12/12/1982,0.01
12/13/1982,0.01
12/14/1982,0.01
12/15/1982,0.01
12/16/1982,0.01
12/17/1982,0.01
12/18/1982,0.01
12/19/1982,0.01
12/20/1982,0.01
12/21/1982,0.01
12/22/1982,0.01
12/23/1982,0.01
12/24/1982,0.01
12/25/1982,0.01
12/26/1982,0.01
12/27/1982,0.01
12/28/1982,0.01
12/29/1982,0.01
12/30/1982,0.01
12/31/1982,0.01
1/1/1983,0.00
1/2/1983,0.00
1/3/1983,0.00
1/4/1983,0.00
1/5/1983,0.00
1/6/1983,0.00
1/7/1983,0.00
1/8/1983,0.00
1/9/1983,0.00
1/10/1983,0.00
1/11/1983,0.00
1/12/1983,0.00
1/13/1983,0.00
1/14/1983,0.00
1/15/1983,0.00
1/16/1983,0.00
1/17/1983,0.00
1/18/1983,0.00
1/19/1983,0.00
1/20/1983,0.00
1/21/1983,0.00
1/22/1983,0.00
1/23/1983,0.00
1/24/1983,0.00
1/25/1983,0.00
1/26/1983,0.00
1/27/1983,0.00
1/28/1983,0.00
1/29/1983,0.00
1/30/1983,0.00
1/31/1983,0.00
2/1/1983,0.00
2/2/1983,0.00
2/3/1983,0.00
2/4/1983,0.00
2/5/1983,0.00
2/6/1983,0.00
2/7/1983,0.00
2/8/1983,0.00
2/9/1983,0.00
2/10/1983,0.00
2/11/1983,0.00
2/12/1983,0.00
2/13/1983,0.00
2/14/1983,0.00
2/15/1983,0.00
2/16/1983,0.00
2/17/1983,0.00
2/18/1983,0.00
2/19/1983,0.00
2/20/1983,0.00
2/21/1983,0.00
2/22/1983,0.00
2/23/1983,0.00
2/24/1983,0.00
2/25/1983,0.00
2/26/1983,0.00
2/27/1983,0.00
2/28/1983,0.00
3/1/1983,0.00
3/2/1983,0.00
3/3/1983,0.00
3/4/1983,0.00
3/5/1983,0.00
3/6/1983,0.00
3/7/1983,0.00
3/8/1983,0.00
3/9/1983,0.00
3/10/1983,0.00
3/11/1983,0.00
3/12/1983,0.00
3/13/1983,0.00
3/14/1983,0.00
3/15/1983,0.00
3/16/1983,0.00
3/17/1983,0.00
3/18/1983,0.00
3/19/1983,0.00
3/20/1983,0.00
3/21/1983,0.00
3/22/1983,0.00
3/23/1983,0.00
3/24/1983,0.00
3/25/1983,0.00
3/26/1983,0.00
3/27/1983,0.00
3/28/1983,0.00
3/29/1983,0.00
3/30/1983,0.00
3/31/1983,0.00
4/1/1983,0.00
4/2/1983,0.00
4/3/1983,0.00
4/4/1983,0.00
4/5/1983,0.00
4/6/1983,0.00
4/7/1983,0.00
4/8/1983,0.00
4/9/1983,0.00
4/10/1983,0.00
4/11/1983,0.00
4/12/1983,0.00
4/13/1983,0.00
4/14/1983,0.00
4/15/1983,0.00
4/16/1983,0.00
4/17/1983,0.00
4/18/1983,0.00
4/19/1983,0.00
4/20/1983,0.00
4/21/1983,0.00
4/22/1983,0.00
4/23/1983,0.00
4/24/1983,0.00
4/25/1983,0.00
4/26/1983,0.00
4/27/1983,0.00
4/28/1983,0.00
4/29/1983,0.00
4/30/1983,0.00
5/1/1983,0.00
5/2/1983,0.00
5/3/1983,0.00
5/4/1983,0.00
5/5/1983,0.01
5/6/1983,0.09
5/7/1983,0.55
5/8/1983,0.78
5/9/1983,0.85
5/10/1983,1.38
5/11/1983,2.33
5/12/1983,2.49
5/13/1983,2.10
5/14/1983,2.24
5/15/1983,2.94
5/16/1983,3.30
5/17/1983,2.51
5/18/1983,2.07
5/19/1983,2.07
5/20/1983,1.49
5/21/1983,0.86
5/22/1983,0.55
5/23/1983,0.40
5/24/1983,0.27
5/25/1983,0.19
5/26/1983,0.14
5/27/1983,0.11
5/28/1983,0.10
5/29/1983,0.65
5/30/1983,0.75
5/31/1983,0.48
6/1/1983,0.30
6/2/1983,0.21
6/3/1983,0.15
6/4/1983,0.13
6/5/1983,1.37
6/6/1983,1.53
6/7/1983,1.00
6/8/1983,0.79
6/9/1983,0.67
6/10/1983,0.51
6/11/1983,0.39
6/12/1983,0.32
6/13/1983,0.39
6/14/1983,0.37
6/15/1983,0.36
6/16/1983,0.31
6/17/1983,0.26
6/18/1983,0.23
6/19/1983,0.21
6/20/1983,0.20
6/21/1983,0.19
6/22/1983,0.79
6/23/1983,3.48
6/24/1983,3.43
6/25/1983,2.39
6/26/1983,1.68
6/27/1983,1.16
6/28/1983,1.81
6/29/1983,1.94
6/30/1983,1.46
7/1/1983,1.05
7/2/1983,0.76
7/3/1983,0.56
7/4/1983,0.44
7/5/1983,0.80
7/6/1983,1.06
7/7/1983,0.86
7/8/1983,1.31
7/9/1983,2.63
7/10/1983,4.19
7/11/1983,3.99
7/12/1983,2.76
7/13/1983,1.84
7/14/1983,1.27
7/15/1983,0.90
7/16/1983,0.66
7/17/1983,0.50
7/18/1983,0.39
7/19/1983,0.32
7/20/1983,0.26
7/21/1983,0.22
7/22/1983,0.20
7/23/1983,0.18
7/24/1983,0.17
7/25/1983,0.16
7/26/1983,0.17
7/27/1983,0.16
7/28/1983,0.15
7/29/1983,0.14
7/30/1983,0.12
7/31/1983,0.11
8/1/1983,0.11
8/2/1983,0.10
8/3/1983,0.10
8/4/1983,0.11
8/5/1983,0.27
8/6/1983,0.55
8/7/1983,0.64
8/8/1983,0.55
8/9/1983,0.43
8/10/1983,0.57
8/11/1983,0.63
8/12/1983,0.49
8/13/1983,0.37
8/14/1983,0.29
8/15/1983,0.24
8/16/1983,0.21
8/17/1983,0.23
8/18/1983,0.43
8/19/1983,0.57
8/20/1983,0.48
8/21/1983,0.39
8/22/1983,0.32
8/23/1983,0.28
8/24/1983,0.25
8/25/1983,0.22
8/26/1983,0.21
8/27/1983,0.20
8/28/1983,0.19
8/29/1983,0.18
8/30/1983,0.17
8/31/1983,0.17
9/1/1983,0.16
9/2/1983,0.21
9/3/1983,0.30
9/4/1983,0.40
9/5/1983,0.59
9/6/1983,0.57
9/7/1983,0.60
9/8/1983,0.60
9/9/1983,0.51
9/10/1983,0.44
9/11/1983,0.39
9/12/1983,0.36
9/13/1983,0.38
9/14/1983,0.94
9/15/1983,1.44
9/16/1983,1.38
9/17/1983,1.17
9/18/1983,1.00
9/19/1983,1.04
9/20/1983,2.41
9/21/1983,3.24
9/22/1983,2.61
9/23/1983,2.02
9/24/1983,1.65
9/25/1983,1.41
9/26/1983,1.23
9/27/1983,1.12
9/28/1983,1.08
9/29/1983,1.10
9/30/1983,1.06
10/1/1983,0.96
10/2/1983,0.85
10/3/1983,0.76
10/4/1983,0.68
10/5/1983,0.61
10/6/1983,0.55
10/7/1983,0.50
10/8/1983,0.46
10/9/1983,0.42
10/10/1983,0.38
10/11/1983,0.35
10/12/1983,0.33
10/13/1983,0.30
10/14/1983,0.28
10/15/1983,0.26
10/16/1983,0.24
10/17/1983,0.23
10/18/1983,0.21
10/19/1983,0.20
10/20/1983,0.18
10/21/1983,0.17
10/22/1983,0.16
10/23/1983,0.15
10/24/1983,0.14
10/25/1983,0.13
10/26/1983,0.13
10/27/1983,0.12
10/28/1983,0.11
10/29/1983,0.11
10/30/1983,0.10
10/31/1983,0.10
11/1/1983,0.09
11/2/1983,0.09
11/3/1983,0.08
11/4/1983,0.08
11/5/1983,0.07
11/6/1983,0.07
11/7/1983,0.07
11/8/1983,0.06
11/9/1983,0.06
11/10/1983,0.06
11/11/1983,0.05
11/12/1983,0.05
11/13/1983,0.05
11/14/1983,0.05
11/15/1983,0.04
11/16/1983,0.04
11/17/1983,0.04
11/18/1983,0.04
11/19/1983,0.04
11/20/1983,0.03
11/21/1983,0.03
11/22/1983,0.03
11/23/1983,0.03
11/24/1983,0.03
11/25/1983,0.03
11/26/1983,0.03
11/27/1983,0.02
11/28/1983,0.02
11/29/1983,0.02
11/30/1983,0.02
12/1/1983,0.02
12/2/1983,0.02
12/3/1983,0.02
12/4/1983,0.02
12/5/1983,0.02
12/6/1983,0.02
12/7/1983,0.02
12/8/1983,0.02
12/9/1983,0.01
12/10/1983,0.01
12/11/1983,0.01
12/12/1983,0.01
12/13/1983,0.01
12/14/1983,0.01
12/15/1983,0.01
12/16/1983,0.01
12/17/1983,0.01
12/18/1983,0.01
12/19/1983,0.01
12/20/1983,0.01
12/21/1983,0.01
12/22/1983,0.01
12/23/1983,0.01
12/24/1983,0.01
12/25/1983,0.01
12/26/1983,0.01
12/27/1983,0.01
12/28/1983,0.01
12/29/1983,0.01
12/30/1983,0.01
12/31/1983,0.01
1/1/1984,0.01
1/2/1984,0.00
1/3/1984,0.00
1/4/1984,0.00
1/5/1984,0.00
1/6/1984,0.00
1/7/1984,0.00
1/8/1984,0.00
1/9/1984,0.00
1/10/1984,0.00
1/11/1984,0.00
1/12/1984,0.00
1/13/1984,0.00
1/14/1984,0.00
1/15/1984,0.00
1/16/1984,0.00
1/17/1984,0.00
1/18/1984,0.00
1/19/1984,0.00
1/20/1984,0.00
1/21/1984,0.00
1/22/1984,0.00
1/23/1984,0.00
1/24/1984,0.00
1/25/1984,0.00
1/26/1984,0.00
1/27/1984,0.00
1/28/1984,0.00
1/29/1984,0.00
1/30/1984,0.00
1/31/1984,0.00
2/1/1984,0.00
2/2/1984,0.00
2/3/1984,0.00
2/4/1984,0.00
2/5/1984,0.00
2/6/1984,0.00
2/7/1984,0.00
2/8/1984,0.00
2/9/1984,0.00
2/10/1984,0.00
2/11/1984,0.00
2/12/1984,0.00
2/13/1984,0.00
2/14/1984,0.00
2/15/1984,0.00
2/16/1984,0.00
2/17/1984,0.00
2/18/1984,0.00
2/19/1984,0.00
2/20/1984,0.00
2/21/1984,0.00
2/22/1984,0.00
2/23/1984,0.00
2/24/1984,0.00
2/25/1984,0.00
2/26/1984,0.00
2/27/1984,0.00
2/28/1984,0.00
2/29/1984,0.00
3/1/1984,0.00
3/2/1984,0.00
3/3/1984,0.00
3/4/1984,0.00
3/5/1984,0.00
3/6/1984,0.00
3/7/1984,0.00
3/8/1984,0.00
3/9/1984,0.00
3/10/1984,0.00
3/11/1984,0.00
3/12/1984,0.00
3/13/1984,0.00
3/14/1984,0.00
3/15/1984,0.00
3/16/1984,0.00
3/17/1984,0.00
3/18/1984,0.00
3/19/1984,0.00
3/20/1984,0.00
3/21/1984,0.00
3/22/1984,0.00
3/23/1984,0.00
3/24/1984,0.00
3/25/1984,0.00
3/26/1984,0.00
3/27/1984,0.00
3/28/1984,0.00
3/29/1984,0.00
3/30/1984,0.00
3/31/1984,0.00
4/1/1984,0.00
4/2/1984,0.00
4/3/1984,0.00
4/4/1984,0.00
4/5/1984,0.00
4/6/1984,0.00
4/7/1984,0.00
4/8/1984,0.00
4/9/1984,0.00
4/10/1984,0.00
4/11/1984,0.00
4/12/1984,0.00
4/13/1984,0.00
4/14/1984,0.00
4/15/1984,0.00
4/16/1984,0.00
4/17/1984,0.06
4/18/1984,0.02
4/19/1984,0.01
4/20/1984,0.01
4/21/1984,0.24
4/22/1984,0.13
4/23/1984,0.07
4/24/1984,0.04
4/25/1984,0.03
4/26/1984,0.86
4/27/1984,1.35
4/28/1984,1.19
4/29/1984,1.14
4/30/1984,1.55
5/1/1984,1.67
5/2/1984,1.59
5/3/1984,1.54
5/4/1984,1.55
5/5/1984,1.67
5/6/1984,1.61
5/7/1984,1.50
5/8/1984,1.41
5/9/1984,1.03
5/10/1984,0.63
5/11/1984,0.40
5/12/1984,0.28
5/13/1984,0.28
5/14/1984,0.22
5/15/1984,0.14
5/16/1984,0.13
5/17/1984,0.10
5/18/1984,0.06
5/19/1984,0.06
5/20/1984,0.05
5/21/1984,0.05
5/22/1984,0.06
5/23/1984,0.18
5/24/1984,0.32
5/25/1984,0.29
5/26/1984,0.19
5/27/1984,0.13
5/28/1984,0.10
5/29/1984,0.09
5/30/1984,0.06
5/31/1984,0.05
6/1/1984,0.07
6/2/1984,0.10
6/3/1984,1.84
6/4/1984,7.36
6/5/1984,5.09
6/6/1984,2.58
6/7/1984,2.35
6/8/1984,1.94
6/9/1984,1.30
6/10/1984,0.89
6/11/1984,0.62
6/12/1984,0.44
6/13/1984,0.33
6/14/1984,0.25
6/15/1984,0.20
6/16/1984,0.16
6/17/1984,0.13
6/18/1984,0.11
6/19/1984,0.10
6/20/1984,0.10
6/21/1984,0.09
6/22/1984,0.08
6/23/1984,0.07
6/24/1984,0.07
6/25/1984,0.06
6/26/1984,0.06
6/27/1984,0.07
6/28/1984,0.07
6/29/1984,0.06
6/30/1984,0.05
7/1/1984,0.04
7/2/1984,0.04
7/3/1984,0.04
7/4/1984,0.04
7/5/1984,0.04
7/6/1984,0.04
7/7/1984,0.04
7/8/1984,0.04
7/9/1984,0.03
7/10/1984,0.19
7/11/1984,0.39
7/12/1984,0.53
7/13/1984,0.48
7/14/1984,0.35
7/15/1984,0.26
7/16/1984,0.20
7/17/1984,0.15
7/18/1984,0.14
7/19/1984,0.11
7/20/1984,0.10
7/21/1984,0.08
7/22/1984,0.08
7/23/1984,0.08
7/24/1984,0.13
7/25/1984,0.38
7/26/1984,0.60
7/27/1984,0.71
7/28/1984,1.65
7/29/1984,15.13
7/30/1984,10.71
7/31/1984,5.02
8/1/1984,2.76
8/2/1984,1.71
8/3/1984,1.13
8/4/1984,0.79
8/5/1984,1.71
8/6/1984,2.50
8/7/1984,1.90
8/8/1984,1.32
8/9/1984,1.00
8/10/1984,0.91
8/11/1984,0.77
8/12/1984,0.61
8/13/1984,0.49
8/14/1984,0.41
8/15/1984,0.35
8/16/1984,0.31
8/17/1984,0.28
8/18/1984,0.26
8/19/1984,0.24
8/20/1984,0.22
8/21/1984,0.21
8/22/1984,0.20
8/23/1984,0.19
8/24/1984,0.19
8/25/1984,0.18
8/26/1984,0.18
8/27/1984,0.18
8/28/1984,0.17
8/29/1984,0.17
8/30/1984,0.17
8/31/1984,0.17
9/1/1984,0.17
9/2/1984,0.16
9/3/1984,0.16
9/4/1984,0.16
9/5/1984,0.16
9/6/1984,0.16
9/7/1984,0.16
9/8/1984,0.16
9/9/1984,0.16
9/10/1984,0.16
9/11/1984,0.16
9/12/1984,0.16
9/13/1984,0.16
9/14/1984,0.16
9/15/1984,0.15
9/16/1984,0.15
9/17/1984,0.15
9/18/1984,0.15
9/19/1984,0.14
9/20/1984,0.14
9/21/1984,0.14
9/22/1984,0.14
9/23/1984,0.14
9/24/1984,0.14
9/25/1984,0.13
9/26/1984,0.13
9/27/1984,0.13
9/28/1984,0.13
9/29/1984,0.12
9/30/1984,0.12
10/1/1984,0.11
10/2/1984,0.11
10/3/1984,0.10
10/4/1984,0.10
10/5/1984,0.09
10/6/1984,0.09
10/7/1984,0.08
10/8/1984,0.08
10/9/1984,0.08
10/10/1984,0.07
10/11/1984,0.07
10/12/1984,0.06
10/13/1984,0.06
10/14/1984,0.06
10/15/1984,0.05
10/16/1984,0.05
10/17/1984,0.05
10/18/1984,0.05
10/19/1984,0.04
10/20/1984,0.04
10/21/1984,0.04
10/22/1984,0.04
10/23/1984,0.04
10/24/1984,0.03
10/25/1984,0.03
10/26/1984,0.03
10/27/1984,0.03
10/28/1984,0.03
10/29/1984,0.03
10/30/1984,0.03
10/31/1984,0.02
11/1/1984,0.02
11/2/1984,0.02
11/3/1984,0.02
11/4/1984,0.02
11/5/1984,0.02
11/6/1984,0.02
11/7/1984,0.02
11/8/1984,0.02
11/9/1984,0.02
11/10/1984,0.02
11/11/1984,0.01
11/12/1984,0.01
11/13/1984,0.01
11/14/1984,0.01
11/15/1984,0.01
11/16/1984,0.01
11/17/1984,0.01
11/18/1984,0.01
11/19/1984,0.01
11/20/1984,0.01
11/21/1984,0.01
11/22/1984,0.01
11/23/1984,0.01
11/24/1984,0.01
11/25/1984,0.01
11/26/1984,0.01
11/27/1984,0.01
11/28/1984,0.01
11/29/1984,0.01
11/30/1984,0.01
12/1/1984,0.01
12/2/1984,0.01
12/3/1984,0.01
12/4/1984,0.01
12/5/1984,0.01
12/6/1984,0.00
12/7/1984,0.00
12/8/1984,0.00
12/9/1984,0.00
12/10/1984,0.00
12/11/1984,0.00
12/12/1984,0.00
12/13/1984,0.00
12/14/1984,0.00
12/15/1984,0.00
12/16/1984,0.00
12/17/1984,0.00
12/18/1984,0.00
12/19/1984,0.00
12/20/1984,0.00
12/21/1984,0.00
12/22/1984,0.00
12/23/1984,0.00
12/24/1984,0.00
12/25/1984,0.00
12/26/1984,0.00
12/27/1984,0.00
12/28/1984,0.00
12/29/1984,0.00
12/30/1984,0.00
12/31/1984,0.00
1/1/1985,0.00
1/2/1985,0.00
1/3/1985,0.00
1/4/1985,0.00
1/5/1985,0.00
1/6/1985,0.00
1/7/1985,0.00
1/8/1985,0.00
1/9/1985,0.00
1/10/1985,0.00
1/11/1985,0.00
1/12/1985,0.00
1/13/1985,0.00
1/14/1985,0.00
1/15/1985,0.00
1/16/1985,0.00
1/17/1985,0.00
1/18/1985,0.00
1/19/1985,0.00
1/20/1985,0.00
1/21/1985,0.00
1/22/1985,0.00
1/23/1985,0.00
1/24/1985,0.00
1/25/1985,0.00
1/26/1985,0.00
1/27/1985,0.00
1/28/1985,0.00
1/29/1985,0.00
1/30/1985,0.00
1/31/1985,0.00
2/1/1985,0.00
2/2/1985,0.00
2/3/1985,0.00
2/4/1985,0.00
2/5/1985,0.00
2/6/1985,0.00
2/7/1985,0.00
2/8/1985,0.00
2/9/1985,0.00
2/10/1985,0.00
2/11/1985,0.00
2/12/1985,0.00
2/13/1985,0.00
2/14/1985,0.00
2/15/1985,0.00
2/16/1985,0.00
2/17/1985,0.00
2/18/1985,0.00
2/19/1985,0.00
2/20/1985,0.00
2/21/1985,0.00
2/22/1985,0.00
2/23/1985,0.00
2/24/1985,0.00
2/25/1985,0.00
2/26/1985,0.00
2/27/1985,0.00
2/28/1985,0.00
3/1/1985,0.00
3/2/1985,0.00
3/3/1985,0.00
3/4/1985,0.00
3/5/1985,0.00
3/6/1985,0.00
3/7/1985,0.00
3/8/1985,0.00
3/9/1985,0.00
3/10/1985,0.00
3/11/1985,0.00
3/12/1985,0.00
3/13/1985,0.00
3/14/1985,0.00
3/15/1985,0.00
3/16/1985,0.00
3/17/1985,0.00
3/18/1985,0.00
3/19/1985,0.00
3/20/1985,0.00
3/21/1985,0.00
3/22/1985,0.00
3/23/1985,0.00
3/24/1985,0.00
3/25/1985,0.00
3/26/1985,0.00
3/27/1985,0.00
3/28/1985,0.00
3/29/1985,0.00
3/30/1985,0.00
3/31/1985,0.00
4/1/1985,0.00
4/2/1985,0.00
4/3/1985,0.00
4/4/1985,0.00
4/5/1985,0.00
4/6/1985,0.00
4/7/1985,0.00
4/8/1985,0.00
4/9/1985,0.00
4/10/1985,0.00
4/11/1985,0.00
4/12/1985,0.00
4/13/1985,0.00
4/14/1985,0.00
4/15/1985,0.00
4/16/1985,0.00
4/17/1985,0.00
4/18/1985,0.04
4/19/1985,0.11
4/20/1985,0.17
4/21/1985,0.24
4/22/1985,0.16
4/23/1985,0.59
4/24/1985,0.49
4/25/1985,0.33
4/26/1985,0.28
4/27/1985,0.19
4/28/1985,0.12
4/29/1985,0.10
4/30/1985,0.39
5/1/1985,0.23
5/2/1985,0.42
5/3/1985,0.42
5/4/1985,0.59
5/5/1985,0.69
5/6/1985,0.73
5/7/1985,0.60
5/8/1985,0.58
5/9/1985,0.48
5/10/1985,0.64
5/11/1985,0.63
5/12/1985,0.46
5/13/1985,0.31
5/14/1985,0.21
5/15/1985,0.16
5/16/1985,0.16
5/17/1985,0.15
5/18/1985,0.11
5/19/1985,0.07
5/20/1985,0.05
5/21/1985,0.04
5/22/1985,0.03
5/23/1985,0.03
5/24/1985,0.03
5/25/1985,0.03
5/26/1985,0.03
5/27/1985,0.02
5/28/1985,0.03
5/29/1985,0.04
5/30/1985,0.03
5/31/1985,0.02
6/1/1985,0.02
6/2/1985,0.03
6/3/1985,0.10
6/4/1985,0.15
6/5/1985,0.10
6/6/1985,0.23
6/7/1985,0.26
6/8/1985,0.25
6/9/1985,0.17
6/10/1985,0.18
6/11/1985,0.24
6/12/1985,0.23
6/13/1985,0.54
6/14/1985,0.75
6/15/1985,0.59
6/16/1985,0.44
6/17/1985,0.32
6/18/1985,0.22
6/19/1985,0.16
6/20/1985,0.12
6/21/1985,0.10
6/22/1985,0.08
6/23/1985,0.06
6/24/1985,0.05
6/25/1985,0.06
6/26/1985,0.05
6/27/1985,0.04
6/28/1985,0.04
6/29/1985,0.03
6/30/1985,0.04
7/1/1985,0.04
7/2/1985,0.03
7/3/1985,0.03
7/4/1985,0.03
7/5/1985,0.03
7/6/1985,0.02
7/7/1985,0.02
7/8/1985,0.03
7/9/1985,0.03
7/10/1985,0.03
7/11/1985,0.06
7/12/1985,0.15
7/13/1985,0.46
7/14/1985,0.55
7/15/1985,0.42
7/16/1985,0.30
7/17/1985,0.21
7/18/1985,0.15
7/19/1985,0.11
7/20/1985,0.08
7/21/1985,0.14
7/22/1985,0.19
7/23/1985,0.19
7/24/1985,0.16
7/25/1985,0.16
7/26/1985,0.14
7/27/1985,0.13
7/28/1985,0.69
7/29/1985,2.78
7/30/1985,2.73
7/31/1985,1.63
8/1/1985,0.99
8/2/1985,0.64
8/3/1985,0.43
8/4/1985,0.31
8/5/1985,0.23
8/6/1985,0.19
8/7/1985,0.15
8/8/1985,0.13
8/9/1985,0.11
8/10/1985,0.09
8/11/1985,0.08
8/12/1985,0.07
8/13/1985,0.06
8/14/1985,0.06
8/15/1985,0.05
8/16/1985,0.18
8/17/1985,0.30
8/18/1985,0.27
8/19/1985,0.23
8/20/1985,0.23
8/21/1985,0.97
8/22/1985,1.50
8/23/1985,1.56
8/24/1985,3.87
8/25/1985,4.18
8/26/1985,2.57
8/27/1985,1.63
8/28/1985,1.14
8/29/1985,0.87
8/30/1985,0.70
8/31/1985,0.59
9/1/1985,0.51
9/2/1985,0.46
9/3/1985,0.41
9/4/1985,0.38
9/5/1985,0.35
9/6/1985,0.40
9/7/1985,0.74
9/8/1985,0.96
9/9/1985,0.90
9/10/1985,0.94
9/11/1985,0.95
9/12/1985,0.89
9/13/1985,0.83
9/14/1985,0.77
9/15/1985,0.72
9/16/1985,0.67
9/17/1985,0.62
9/18/1985,0.58
9/19/1985,0.55
9/20/1985,0.52
9/21/1985,0.49
9/22/1985,0.46
9/23/1985,0.47
9/24/1985,0.47
9/25/1985,0.44
9/26/1985,0.42
9/27/1985,0.39
9/28/1985,0.36
9/29/1985,0.34
9/30/1985,0.31
10/1/1985,0.29
10/2/1985,0.27
10/3/1985,0.25
10/4/1985,0.24
10/5/1985,0.22
10/6/1985,0.21
10/7/1985,0.19
10/8/1985,0.18
10/9/1985,0.17
10/10/1985,0.16
10/11/1985,0.15
10/12/1985,0.14
10/13/1985,0.13
10/14/1985,0.13
10/15/1985,0.12
10/16/1985,0.11
10/17/1985,0.11
10/18/1985,0.10
10/19/1985,0.10
10/20/1985,0.09
10/21/1985,0.09
10/22/1985,0.08
10/23/1985,0.08
10/24/1985,0.07
10/25/1985,0.07
10/26/1985,0.07
10/27/1985,0.06
10/28/1985,0.06
10/29/1985,0.06
10/30/1985,0.05
10/31/1985,0.05
11/1/1985,0.05
11/2/1985,0.05
11/3/1985,0.04
11/4/1985,0.04
11/5/1985,0.04
11/6/1985,0.04
11/7/1985,0.04
11/8/1985,0.04
11/9/1985,0.03
11/10/1985,0.03
11/11/1985,0.03
11/12/1985,0.03
11/13/1985,0.03
11/14/1985,0.03
11/15/1985,0.03
11/16/1985,0.02
11/17/1985,0.02
11/18/1985,0.02
11/19/1985,0.02
11/20/1985,0.02
11/21/1985,0.02
11/22/1985,0.02
11/23/1985,0.02
11/24/1985,0.02
11/25/1985,0.02
11/26/1985,0.02
11/27/1985,0.01
11/28/1985,0.01
11/29/1985,0.01
11/30/1985,0.01
12/1/1985,0.01
12/2/1985,0.01
12/3/1985,0.01
12/4/1985,0.01
12/5/1985,0.01
12/6/1985,0.01
12/7/1985,0.01
12/8/1985,0.01
12/9/1985,0.01
12/10/1985,0.01
12/11/1985,0.01
12/12/1985,0.01
12/13/1985,0.01
12/14/1985,0.01
12/15/1985,0.01
12/16/1985,0.01
12/17/1985,0.01
12/18/1985,0.01
12/19/1985,0.01
12/20/1985,0.01
12/21/1985,0.01
12/22/1985,0.00
12/23/1985,0.00
12/24/1985,0.00
12/25/1985,0.00
12/26/1985,0.00
12/27/1985,0.00
12/28/1985,0.00
12/29/1985,0.00
12/30/1985,0.00
12/31/1985,0.00
